Berichtsdatum,Faelle_gesamt,Todesfaelle_gesamt,Todesfaelle_neu,Fall-Verstorbenen-Anteil
2020-03-09,1112,2,2,0.0018
2020-03-10,1296,2,0,0.0015
2020-03-11,1567,3,1,0.0019
2020-03-12,2369,5,2,0.0021
2020-03-13,3062,5,0,0.0016
2020-03-14,3795,8,3,0.0021
2020-03-15,4838,12,4,0.0025
2020-03-16,6012,12,0,0.002
2020-03-17,7156,12,0,0.0017
2020-03-18,8198,12,0,0.0015
2020-03-19,10999,20,8,0.0018
2020-03-20,13957,31,11,0.0022
2020-03-21,16662,47,16,0.0028
2020-03-22,18610,55,8,0.003
2020-03-23,22672,86,31,0.0038
2020-03-24,27436,114,28,0.0042
2020-03-25,31554,149,35,0.0047
2020-03-26,36508,198,49,0.0054
2020-03-27,42288,253,55,0.006
2020-03-28,48582,325,72,0.0067
2020-03-29,52547,389,64,0.0074
2020-03-30,57298,455,66,0.0079
2020-03-31,61913,583,128,0.0094
2020-04-01,67366,732,149,0.0109
2020-04-02,73522,872,140,0.0119
2020-04-03,79696,1017,145,0.0128
2020-04-04,85778,1158,141,0.0135
2020-04-05,91714,1342,184,0.0146
2020-04-06,95391,1434,92,0.015
2020-04-07,99225,1607,173,0.0162
2020-04-08,103228,1861,254,0.018
2020-04-09,108202,2107,246,0.0195
2020-04-10,113525,2373,266,0.0209
2020-04-11,117658,2544,171,0.0216
2020-04-12,120479,2673,129,0.0222
2020-04-13,123016,2799,126,0.0228
2020-04-14,125098,2969,170,0.0237
2020-04-15,127584,3254,285,0.0255
2020-04-16,130450,3569,315,0.0274
2020-04-17,133830,3868,299,0.0289
2020-04-18,137439,4110,242,0.0299
2020-04-19,139897,4294,184,0.0307
2020-04-20,141672,4404,110,0.0311
2020-04-21,143457,4598,194,0.0321
2020-04-22,145694,4879,281,0.0335
2020-04-23,148046,5094,215,0.0344
2020-04-24,150383,5321,227,0.0354
2020-04-25,152438,5500,179,0.0361
2020-04-26,154175,5640,140,0.0366
2020-04-27,155193,5750,110,0.0371
2020-04-28,156337,5913,163,0.0378
2020-04-29,157641,6115,202,0.0388
2020-04-30,159119,6288,173,0.0395
2020-05-01,160758,6481,193,0.0403
2020-05-02,161703,6575,94,0.0407
2020-05-03,162496,6649,74,0.0409
2020-05-04,163175,6692,43,0.041
2020-05-05,163860,6831,139,0.0417
2020-05-06,164807,6996,165,0.0424
2020-05-07,166091,7119,123,0.0429
2020-05-08,167300,7266,147,0.0434
2020-05-09,168551,7369,103,0.0437
2020-05-10,169218,7395,26,0.0437
2020-05-11,169575,7417,22,0.0437
2020-05-12,170508,7533,116,0.0442
2020-05-13,171306,7634,101,0.0446
2020-05-14,172239,7723,89,0.0448
2020-05-15,173152,7824,101,0.0452
2020-05-16,173772,7881,57,0.0454
2020-05-17,174355,7914,33,0.0454
2020-05-18,174697,7935,21,0.0454
2020-05-19,175210,8007,72,0.0457
2020-05-20,176007,8090,83,0.046
2020-05-21,176752,8147,57,0.0461
2020-05-22,177212,8174,27,0.0461
2020-05-23,177850,8216,42,0.0462
2020-05-24,178281,8247,31,0.0463
2020-05-25,178570,8257,10,0.0462
2020-05-26,179002,8302,45,0.0464
2020-05-27,179364,8349,47,0.0465
2020-05-28,179717,8411,62,0.0468
2020-05-29,180458,8450,39,0.0468
2020-05-30,181196,8489,39,0.0468
2020-05-31,181482,8500,11,0.0468
2020-06-01,181815,8511,11,0.0468
2020-06-02,182028,8522,11,0.0468
2020-06-03,182370,8551,29,0.0469
2020-06-04,182764,8581,30,0.047
2020-06-05,183271,8613,32,0.047
2020-06-06,183678,8646,33,0.0471
2020-06-07,183979,8668,22,0.0471
2020-06-08,184193,8674,6,0.0471
2020-06-09,184543,8711,37,0.0472
2020-06-10,184861,8729,18,0.0472
2020-06-11,185416,8755,26,0.0472
2020-06-12,185674,8763,8,0.0472
2020-06-13,186022,8781,18,0.0472
2020-06-14,186269,8787,6,0.0472
2020-06-15,186461,8791,4,0.0471
2020-06-16,186839,8800,9,0.0471
2020-06-17,187184,8830,30,0.0472
2020-06-18,187764,8856,26,0.0472
2020-06-19,188534,8872,16,0.0471
2020-06-20,189135,8883,11,0.047
2020-06-21,189822,8882,-1,0.0468
2020-06-22,190359,8885,3,0.0467
2020-06-23,190862,8895,10,0.0466
2020-06-24,191449,8914,19,0.0466
2020-06-25,192079,8927,13,0.0465
2020-06-26,192556,8948,21,0.0465
2020-06-27,193243,8954,6,0.0463
2020-06-28,193499,8957,3,0.0463
2020-06-29,193761,8961,4,0.0462
2020-06-30,194259,8973,12,0.0462
2020-07-01,194725,8985,12,0.0461
2020-07-02,195228,8994,9,0.0461
2020-07-03,195674,9003,9,0.046
2020-07-04,196096,9010,7,0.0459
2020-07-05,196335,9012,2,0.0459
2020-07-06,196554,9016,4,0.0459
2020-07-07,196944,9024,8,0.0458
2020-07-08,197341,9036,12,0.0458
2020-07-09,197783,9048,12,0.0457
2020-07-10,198178,9054,6,0.0457
2020-07-11,198556,9060,6,0.0456
2020-07-12,198804,9063,3,0.0456
2020-07-13,198963,9064,1,0.0456
2020-07-14,199375,9068,4,0.0455
2020-07-15,199726,9071,3,0.0454
2020-07-16,200260,9078,7,0.0453
2020-07-17,200843,9082,4,0.0452
2020-07-18,201372,9083,1,0.0451
2020-07-19,201574,9084,1,0.0451
2020-07-20,201823,9086,2,0.045
2020-07-21,202345,9090,4,0.0449
2020-07-22,202799,9095,5,0.0448
2020-07-23,203368,9101,6,0.0448
2020-07-24,204183,9111,10,0.0446
2020-07-25,204964,9118,7,0.0445
2020-07-26,205269,9118,0,0.0444
2020-07-27,205609,9118,0,0.0443
2020-07-28,206242,9122,4,0.0442
2020-07-29,206926,9128,6,0.0441
2020-07-30,207828,9134,6,0.0439
2020-07-31,208698,9141,7,0.0438
2020-08-01,209653,9148,7,0.0436
2020-08-02,209893,9141,-7,0.0436
2020-08-03,210402,9148,7,0.0435
2020-08-04,211281,9156,8,0.0433
2020-08-05,212022,9168,12,0.0432
2020-08-06,213067,9175,7,0.0431
2020-08-07,214214,9183,8,0.0429
2020-08-08,215336,9195,12,0.0427
2020-08-09,215891,9196,1,0.0426
2020-08-10,216327,9197,1,0.0425
2020-08-11,217293,9201,4,0.0423
2020-08-12,218519,9207,6,0.0421
2020-08-13,219964,9211,4,0.0419
2020-08-14,221413,9225,14,0.0417
2020-08-15,222828,9231,6,0.0414
2020-08-16,223453,9231,0,0.0413
2020-08-17,224014,9232,1,0.0412
2020-08-18,225404,9236,4,0.041
2020-08-19,226914,9243,7,0.0407
2020-08-20,228621,9253,10,0.0405
2020-08-21,230048,9260,7,0.0403
2020-08-22,232082,9267,7,0.0399
2020-08-23,232864,9269,2,0.0398
2020-08-24,233575,9272,3,0.0397
2020-08-25,234853,9277,5,0.0395
2020-08-26,236429,9280,3,0.0393
2020-08-27,237936,9285,5,0.039
2020-08-28,239507,9288,3,0.0388
2020-08-29,240986,9289,1,0.0385
2020-08-30,241771,9295,6,0.0384
2020-08-31,242381,9298,3,0.0384
2020-09-01,243599,9302,4,0.0382
2020-09-02,244855,9313,11,0.038
2020-09-03,246166,9321,8,0.0379
2020-09-04,247619,9322,1,0.0376
2020-09-05,248997,9324,2,0.0374
2020-09-06,249985,9325,1,0.0373
2020-09-07,250799,9325,0,0.0372
2020-09-08,252298,9329,4,0.037
2020-09-09,253474,9338,9,0.0368
2020-09-10,255366,9341,3,0.0366
2020-09-11,256850,9342,1,0.0364
2020-09-12,258480,9347,5,0.0362
2020-09-13,259428,9349,2,0.036
2020-09-14,260355,9350,1,0.0359
2020-09-15,261762,9362,12,0.0358
2020-09-16,263663,9368,6,0.0355
2020-09-17,265857,9371,3,0.0352
2020-09-18,267773,9378,7,0.035
2020-09-19,270070,9384,6,0.0347
2020-09-20,271415,9386,2,0.0346
2020-09-21,272337,9386,0,0.0345
2020-09-22,274158,9396,10,0.0343
2020-09-23,275927,9409,13,0.0341
2020-09-24,278070,9428,19,0.0339
2020-09-25,280223,9443,15,0.0337
2020-09-26,282730,9452,9,0.0334
2020-09-27,284140,9457,5,0.0333
2020-09-28,285332,9460,3,0.0332
2020-09-29,287421,9471,11,0.033
2020-09-30,289219,9488,17,0.0328
2020-10-01,291722,9500,12,0.0326
2020-10-02,294395,9508,8,0.0323
2020-10-03,296958,9527,19,0.0321
2020-10-04,299237,9529,2,0.0318
2020-10-05,300619,9534,5,0.0317
2020-10-06,303258,9546,12,0.0315
2020-10-07,306086,9562,16,0.0312
2020-10-08,310144,9578,16,0.0309
2020-10-09,314660,9589,11,0.0305
2020-10-10,319381,9604,15,0.0301
2020-10-11,322864,9615,11,0.0298
2020-10-12,325331,9621,6,0.0296
2020-10-13,329453,9634,13,0.0292
2020-10-14,334585,9677,43,0.0289
2020-10-15,341223,9710,33,0.0285
2020-10-16,348557,9734,24,0.0279
2020-10-17,356387,9767,33,0.0274
2020-10-18,361974,9777,10,0.027
2020-10-19,366299,9789,12,0.0267
2020-10-20,373167,9836,47,0.0264
2020-10-21,380762,9875,39,0.0259
2020-10-22,392049,9905,30,0.0253
2020-10-23,403291,9954,49,0.0247
2020-10-24,418005,10003,49,0.0239
2020-10-25,429181,10032,29,0.0234
2020-10-26,437866,10056,24,0.023
2020-10-27,449275,10098,42,0.0225
2020-10-28,464239,10183,85,0.0219
2020-10-29,481013,10272,89,0.0214
2020-10-30,499694,10349,77,0.0207
2020-10-31,518753,10452,103,0.0201
2020-11-01,532930,10481,29,0.0197
2020-11-02,545027,10530,49,0.0193
2020-11-03,560379,10661,131,0.019
2020-11-04,577593,10812,151,0.0187
2020-11-05,597583,10930,118,0.0183
2020-11-06,619089,11096,166,0.0179
2020-11-07,642488,11226,130,0.0175
2020-11-08,658505,11289,63,0.0171
2020-11-09,671868,11352,63,0.0169
2020-11-10,687200,11506,154,0.0167
2020-11-11,705687,11767,261,0.0167
2020-11-12,727553,11982,215,0.0165
2020-11-13,751095,12200,218,0.0162
2020-11-14,773556,12378,178,0.016
2020-11-15,790503,12485,107,0.0158
2020-11-16,801327,12547,62,0.0157
2020-11-17,815746,12814,267,0.0157
2020-11-18,833307,13119,305,0.0157
2020-11-19,855916,13370,251,0.0156
2020-11-20,879564,13630,260,0.0155
2020-11-21,902528,13884,254,0.0154
2020-11-22,918269,14022,138,0.0153
2020-11-23,929133,14112,90,0.0152
2020-11-24,942687,14361,249,0.0152
2020-11-25,961320,14771,410,0.0154
2020-11-26,983588,15160,389,0.0154
2020-11-27,1006394,15586,426,0.0155
2020-11-28,1028089,15965,379,0.0155
2020-11-29,1042700,16123,158,0.0155
2020-11-30,1053869,16248,125,0.0154
2020-12-01,1067473,16636,388,0.0156
2020-12-02,1084743,17123,487,0.0158
2020-12-03,1106789,17602,479,0.0159
2020-12-04,1130238,18034,432,0.016
2020-12-05,1153556,18517,483,0.0161
2020-12-06,1171323,18772,255,0.016
2020-12-07,1183655,18919,147,0.016
2020-12-08,1197709,19342,423,0.0161
2020-12-09,1218524,19932,590,0.0164
2020-12-10,1242203,20372,440,0.0164
2020-12-11,1272078,20970,598,0.0165
2020-12-12,1300516,21466,496,0.0165
2020-12-13,1320716,21787,321,0.0165
2020-12-14,1337078,21975,188,0.0164
2020-12-15,1351510,22475,500,0.0166
2020-12-16,1379238,23427,952,0.017
2020-12-17,1406161,24125,698,0.0172
2020-12-18,1439938,24938,813,0.0173
2020-12-19,1471238,25640,702,0.0174
2020-12-20,1494009,26049,409,0.0174
2020-12-21,1510652,26275,226,0.0174
2020-12-22,1530180,27006,731,0.0176
2020-12-23,1554920,27968,962,0.018
2020-12-24,1587115,28770,802,0.0181
2020-12-25,1612648,29182,412,0.0181
2020-12-26,1627103,29422,240,0.0181
2020-12-27,1640858,29778,356,0.0181
2020-12-28,1651834,30126,348,0.0182
2020-12-29,1664726,30978,852,0.0186
2020-12-30,1687185,32107,1129,0.019
2020-12-31,1719737,33071,964,0.0192
2021-01-01,1742661,33624,553,0.0193
2021-01-02,1755351,33960,336,0.0193
2021-01-03,1765666,34272,312,0.0194
2021-01-04,1775513,34574,302,0.0195
2021-01-05,1787410,35518,944,0.0199
2021-01-06,1808647,36537,1019,0.0202
2021-01-07,1835038,37607,1070,0.0205
2021-01-08,1866887,38795,1188,0.0208
2021-01-09,1891581,39878,1083,0.0211
2021-01-10,1908527,40343,465,0.0211
2021-01-11,1921024,40686,343,0.0212
2021-01-12,1933826,41577,891,0.0215
2021-01-13,1953426,42637,1060,0.0218
2021-01-14,1978590,43881,1244,0.0222
2021-01-15,2000958,44994,1113,0.0225
2021-01-16,2019636,45974,980,0.0228
2021-01-17,2033518,46419,445,0.0228
2021-01-18,2040659,46633,214,0.0229
2021-01-19,2052028,47622,989,0.0232
2021-01-20,2068002,48770,1148,0.0236
2021-01-21,2088400,49783,1013,0.0238
2021-01-22,2106262,50642,859,0.024
2021-01-23,2122679,51521,879,0.0243
2021-01-24,2134936,51870,349,0.0243
2021-01-25,2141665,52087,217,0.0243
2021-01-26,2148077,52990,903,0.0247
2021-01-27,2161275,53972,982,0.025
2021-01-28,2178828,54913,941,0.0252
2021-01-29,2192850,55752,839,0.0254
2021-01-30,2205171,56546,794,0.0256
2021-01-31,2216363,56945,399,0.0257
2021-02-01,2221971,57120,175,0.0257
2021-02-02,2228085,57981,861,0.026
2021-02-03,2237790,58956,975,0.0263
2021-02-04,2252001,59742,786,0.0265
2021-02-05,2264909,60597,855,0.0268
2021-02-06,2275394,61286,689,0.0269
2021-02-07,2284010,61517,231,0.0269
2021-02-08,2288545,61675,158,0.0269
2021-02-09,2291924,62156,481,0.0271
2021-02-10,2299996,62969,813,0.0274
2021-02-11,2310233,63635,666,0.0275
2021-02-12,2320093,64191,556,0.0277
2021-02-13,2328447,64742,551,0.0278
2021-02-14,2334561,64960,218,0.0278
2021-02-15,2338987,65076,116,0.0278
2021-02-16,2342843,65604,528,0.028
2021-02-17,2350399,66164,560,0.0282
2021-02-18,2360606,66698,534,0.0283
2021-02-19,2369719,67206,508,0.0284
2021-02-20,2378883,67696,490,0.0285
2021-02-21,2386559,67841,145,0.0284
2021-02-22,2390928,67903,62,0.0284
2021-02-23,2394811,68318,415,0.0285
2021-02-24,2402818,68740,422,0.0286
2021-02-25,2414687,69125,385,0.0286
2021-02-26,2424684,69519,394,0.0287
2021-02-27,2434446,69888,369,0.0287
2021-02-28,2442336,70045,157,0.0287
2021-03-01,2447068,70105,60,0.0286
2021-03-02,2451011,70463,358,0.0287
2021-03-03,2460030,70881,418,0.0288
2021-03-04,2471942,71240,359,0.0288
2021-03-05,2482522,71504,264,0.0288
2021-03-06,2492079,71804,300,0.0288
2021-03-07,2500182,71900,96,0.0288
2021-03-08,2505193,71934,34,0.0287
2021-03-09,2509445,72189,255,0.0288
2021-03-10,2518591,72489,300,0.0288
2021-03-11,2532947,72810,321,0.0287
2021-03-12,2545781,73062,252,0.0287
2021-03-13,2558455,73301,239,0.0287
2021-03-14,2569245,73371,70,0.0286
2021-03-15,2575849,73418,47,0.0285
2021-03-16,2581329,73656,238,0.0285
2021-03-17,2594764,73905,249,0.0285
2021-03-18,2612268,74132,227,0.0284
2021-03-19,2629750,74358,226,0.0283
2021-03-20,2645783,74565,207,0.0282
2021-03-21,2659516,74664,99,0.0281
2021-03-22,2667225,74714,50,0.028
2021-03-23,2674710,74964,250,0.028
2021-03-24,2690523,75212,248,0.028
2021-03-25,2713180,75440,228,0.0278
2021-03-26,2734753,75623,183,0.0277
2021-03-27,2755225,75780,157,0.0275
2021-03-28,2772401,75870,90,0.0274
2021-03-29,2782273,75913,43,0.0273
2021-03-30,2791822,76093,180,0.0273
2021-03-31,2808873,76342,249,0.0272
2021-04-01,2833173,76543,201,0.027
2021-04-02,2855061,76775,232,0.0269
2021-04-03,2873190,76895,120,0.0268
2021-04-04,2885386,76963,68,0.0267
2021-04-05,2893883,77013,50,0.0266
2021-04-06,2900768,77103,90,0.0266
2021-04-07,2910445,77401,298,0.0266
2021-04-08,2930852,77707,306,0.0265
2021-04-09,2956316,78003,296,0.0264
2021-04-10,2980413,78249,246,0.0263
2021-04-11,2998268,78353,104,0.0261
2021-04-12,3011513,78452,99,0.0261
2021-04-13,3022323,78746,294,0.0261
2021-04-14,3044016,79088,342,0.026
2021-04-15,3073442,79381,293,0.0258
2021-04-16,3099273,79628,247,0.0257
2021-04-17,3123077,79847,219,0.0256
2021-04-18,3142262,79914,67,0.0254
2021-04-19,3153699,80006,92,0.0254
2021-04-20,3163308,80303,297,0.0254
2021-04-21,3188192,80634,331,0.0253
2021-04-22,3217710,80893,259,0.0251
2021-04-23,3245253,81158,265,0.025
2021-04-24,3268645,81444,286,0.0249
2021-04-25,3287418,81564,120,0.0248
2021-04-26,3299325,81624,60,0.0247
2021-04-27,3310301,81968,344,0.0248
2021-04-28,3332532,82280,312,0.0247
2021-04-29,3357268,82544,264,0.0246
2021-04-30,3381597,82850,306,0.0245
2021-05-01,3400532,83082,232,0.0244
2021-05-02,3416822,83192,110,0.0243
2021-05-03,3425982,83276,84,0.0243
2021-05-04,3433516,83591,315,0.0243
2021-05-05,3451550,83876,285,0.0243
2021-05-06,3473503,84126,250,0.0242
2021-05-07,3491988,84410,284,0.0242
2021-05-08,3507673,84648,238,0.0241
2021-05-09,3520329,84775,127,0.0241
2021-05-10,3527251,84829,54,0.024
2021-05-11,3533376,85112,283,0.0241
2021-05-12,3548285,85380,268,0.0241
2021-05-13,3565704,85658,278,0.024
2021-05-14,3577040,85848,190,0.024
2021-05-15,3584934,86025,177,0.024
2021-05-16,3593434,86096,71,0.024
2021-05-17,3598846,86160,64,0.0239
2021-05-18,3603055,86381,221,0.024
2021-05-19,3614095,86665,284,0.024
2021-05-20,3626393,86902,237,0.024
2021-05-21,3635162,87128,226,0.024
2021-05-22,3642244,87298,170,0.024
2021-05-23,3648958,87380,82,0.0239
2021-05-24,3651640,87423,43,0.0239
2021-05-25,3653551,87456,33,0.0239
2021-05-26,3656177,87726,270,0.024
2021-05-27,3662490,87995,269,0.024
2021-05-28,3669870,88187,192,0.024
2021-05-29,3675296,88350,163,0.024
2021-05-30,3679148,88406,56,0.024
2021-05-31,3681126,88442,36,0.024
2021-06-01,3682911,88595,153,0.0241
2021-06-02,3687828,88774,179,0.0241
2021-06-03,3692468,88940,166,0.0241
2021-06-04,3695633,89026,86,0.0241
2021-06-05,3697927,89148,122,0.0241
2021-06-06,3700367,89222,74,0.0241
2021-06-07,3701484,89244,22,0.0241
2021-06-08,3702688,89384,140,0.0241
2021-06-09,3705942,89491,107,0.0241
2021-06-10,3709129,89585,94,0.0242
2021-06-11,3711569,89687,102,0.0242
2021-06-12,3713480,89816,129,0.0242
2021-06-13,3714969,89834,18,0.0242
2021-06-14,3715518,89844,10,0.0242
2021-06-15,3716170,89937,93,0.0242
2021-06-16,3717625,90074,137,0.0242
2021-06-17,3718955,90179,105,0.0242
2021-06-18,3720031,90270,91,0.0243
2021-06-19,3721139,90369,99,0.0243
2021-06-20,3721981,90385,16,0.0243
2021-06-21,3722327,90395,10,0.0243
2021-06-22,3722782,90472,77,0.0243
2021-06-23,3723798,90523,51,0.0243
2021-06-24,3724806,90616,93,0.0243
2021-06-25,3725580,90678,62,0.0243
2021-06-26,3726172,90746,68,0.0244
2021-06-27,3726710,90754,8,0.0244
2021-06-28,3726929,90762,8,0.0244
2021-06-29,3727333,90819,57,0.0244
2021-06-30,3728141,90875,56,0.0244
2021-07-01,3729033,90938,63,0.0244
2021-07-02,3729682,91007,69,0.0244
2021-07-03,3730353,91023,16,0.0244
2021-07-04,3730912,91030,7,0.0244
2021-07-05,3731124,91031,1,0.0244
2021-07-06,3731564,91062,31,0.0244
2021-07-07,3732549,91110,48,0.0244
2021-07-08,3733519,91141,31,0.0244
2021-07-09,3734468,91190,49,0.0244
2021-07-10,3735420,91225,35,0.0244
2021-07-11,3736165,91231,6,0.0244
2021-07-12,3736489,91233,2,0.0244
2021-07-13,3737135,91259,26,0.0244
2021-07-14,3738683,91287,28,0.0244
2021-07-15,3740325,91319,32,0.0244
2021-07-16,3741781,91337,18,0.0244
2021-07-17,3743389,91359,22,0.0244
2021-07-18,3744681,91362,3,0.0244
2021-07-19,3745227,91363,1,0.0244
2021-07-20,3746410,91397,34,0.0244
2021-07-21,3748613,91416,19,0.0244
2021-07-22,3750503,91458,42,0.0244
2021-07-23,3752592,91492,34,0.0244
2021-07-24,3754511,91520,28,0.0244
2021-07-25,3755898,91524,4,0.0244
2021-07-26,3756856,91527,3,0.0244
2021-07-27,3758401,91565,38,0.0244
2021-07-28,3761169,91586,21,0.0244
2021-07-29,3764311,91607,21,0.0243
2021-07-30,3766765,91637,30,0.0243
2021-07-31,3769165,91658,21,0.0243
2021-08-01,3771262,91659,1,0.0243
2021-08-02,3772109,91660,1,0.0243
2021-08-03,3773875,91679,19,0.0243
2021-08-04,3777446,91704,25,0.0243
2021-08-05,3780985,91730,26,0.0243
2021-08-06,3784433,91754,24,0.0242
2021-08-07,3787639,91778,24,0.0242
2021-08-08,3790766,91782,4,0.0242
2021-08-09,3791949,91784,2,0.0242
2021-08-10,3794429,91803,19,0.0242
2021-08-11,3799425,91817,14,0.0242
2021-08-12,3805063,91834,17,0.0241
2021-08-13,3810641,91853,19,0.0241
2021-08-14,3816285,91864,11,0.0241
2021-08-15,3821013,91867,3,0.024
2021-08-16,3823139,91871,4,0.024
2021-08-17,3827051,91899,28,0.024
2021-08-18,3835375,91921,22,0.024
2021-08-19,3843775,91943,22,0.0239
2021-08-20,3853055,91956,13,0.0239
2021-08-21,3861147,91973,17,0.0238
2021-08-22,3868197,91976,3,0.0238
2021-08-23,3871865,91980,4,0.0238
2021-08-24,3877612,92022,42,0.0237
2021-08-25,3889173,92061,39,0.0237
2021-08-26,3901799,92082,21,0.0236
2021-08-27,3913828,92096,14,0.0235
2021-08-28,3924131,92118,22,0.0235
2021-08-29,3932547,92130,12,0.0234
2021-08-30,3937106,92140,10,0.0234
2021-08-31,3942856,92200,60,0.0234
2021-09-01,3956387,92223,23,0.0233
2021-09-02,3970102,92256,33,0.0232
2021-09-03,3984353,92301,45,0.0232
2021-09-04,3995188,92325,24,0.0231
2021-09-05,4005641,92346,21,0.0231
2021-09-06,4010390,92354,8,0.023
2021-09-07,4017116,92413,59,0.023
2021-09-08,4030681,92448,35,0.0229
2021-09-09,4046112,92498,50,0.0229
2021-09-10,4059081,92553,55,0.0228
2021-09-11,4070295,92598,45,0.0227
2021-09-12,4077640,92606,8,0.0227
2021-09-13,4083151,92618,12,0.0227
2021-09-14,4089476,92686,68,0.0227
2021-09-15,4101931,92769,83,0.0226
2021-09-16,4114856,92837,68,0.0226
2021-09-17,4125878,92857,20,0.0225
2021-09-18,4134779,92920,63,0.0225
2021-09-19,4142116,92958,38,0.0224
2021-09-20,4145852,92971,13,0.0224
2021-09-21,4150516,93052,81,0.0224
2021-09-22,4160970,93123,71,0.0224
2021-09-23,4171666,93238,115,0.0224
2021-09-24,4181393,93303,65,0.0223
2021-09-25,4188604,93365,62,0.0223
2021-09-26,4196378,93393,28,0.0223
2021-09-27,4199400,93403,10,0.0222
2021-09-28,4203571,93504,101,0.0222
2021-09-29,4215351,93571,67,0.0222
2021-09-30,4227501,93638,67,0.0221
2021-10-01,4237619,93711,73,0.0221
2021-10-02,4246136,93777,66,0.0221
2021-10-03,4252300,93786,9,0.0221
2021-10-04,4255388,93793,7,0.022
2021-10-05,4260187,93883,90,0.022
2021-10-06,4271734,93959,76,0.022
2021-10-07,4283378,94027,68,0.022
2021-10-08,4293807,94113,86,0.0219
2021-10-09,4302661,94178,65,0.0219
2021-10-10,4310273,94202,24,0.0219
2021-10-11,4313384,94209,7,0.0218
2021-10-12,4318355,94297,88,0.0218
2021-10-13,4330258,94389,92,0.0218
2021-10-14,4342640,94461,72,0.0218
2021-10-15,4354158,94526,65,0.0217
2021-10-16,4365107,94601,75,0.0217
2021-10-17,4373789,94618,17,0.0216
2021-10-18,4377845,94628,10,0.0216
2021-10-19,4384616,94716,88,0.0216
2021-10-20,4401631,94808,92,0.0215
2021-10-21,4417708,94875,67,0.0215
2021-10-22,4437280,94991,116,0.0214
2021-10-23,4452425,95077,86,0.0214
2021-10-24,4466157,95100,23,0.0213
2021-10-25,4472730,95117,17,0.0213
2021-10-26,4483203,95245,128,0.0212
2021-10-27,4506415,95359,114,0.0212
2021-10-28,4534452,95485,126,0.0211
2021-10-29,4559120,95606,121,0.021
2021-10-30,4580663,95696,90,0.0209
2021-10-31,4597550,95729,33,0.0208
2021-11-01,4607208,95752,23,0.0208
2021-11-02,4618021,95833,81,0.0208
2021-11-03,4638419,96027,194,0.0207
2021-11-04,4672368,96192,165,0.0206
2021-11-05,4709488,96346,154,0.0205
2021-11-06,4743490,96488,142,0.0203
2021-11-07,4767033,96525,37,0.0202
2021-11-08,4782546,96558,33,0.0202
2021-11-09,4804378,96727,169,0.0201
2021-11-10,4844054,96963,236,0.02
2021-11-11,4894250,97198,235,0.0199
2021-11-12,4942890,97389,191,0.0197
2021-11-13,4987971,97617,228,0.0196
2021-11-14,5021469,97672,55,0.0195
2021-11-15,5045076,97715,43,0.0194
2021-11-16,5077124,97980,265,0.0193
2021-11-17,5129950,98274,294,0.0192
2021-11-18,5195321,98538,264,0.019
2021-11-19,5248291,98739,201,0.0188
2021-11-20,5312215,98987,248,0.0186
2021-11-21,5354942,99062,75,0.0185
2021-11-22,5385585,99124,62,0.0184
2021-11-23,5430911,99433,309,0.0183
2021-11-24,5497795,99768,335,0.0181
2021-11-25,5573756,100119,351,0.018
2021-11-26,5650170,100476,357,0.0178
2021-11-27,5717295,100779,303,0.0176
2021-11-28,5761696,100883,104,0.0175
2021-11-29,5791060,100956,73,0.0174
2021-11-30,5836813,101344,388,0.0174
2021-12-01,5903999,101790,446,0.0172
2021-12-02,5977208,102178,388,0.0171
2021-12-03,6051560,102568,390,0.0169
2021-12-04,6116070,102946,378,0.0168
2021-12-05,6158125,103040,94,0.0167
2021-12-06,6185961,103121,81,0.0167
2021-12-07,6222020,103520,399,0.0166
2021-12-08,6291621,104047,527,0.0165
2021-12-09,6362232,104512,465,0.0164
2021-12-10,6423520,104996,484,0.0163
2021-12-11,6477217,105506,510,0.0163
2021-12-12,6509863,105638,132,0.0162
2021-12-13,6531606,105754,116,0.0162
2021-12-14,6562429,106227,473,0.0162
2021-12-15,6613730,106680,453,0.0161
2021-12-16,6670407,107202,522,0.0161
2021-12-17,6721375,107639,437,0.016
2021-12-18,6764188,108053,414,0.016
2021-12-19,6793536,108233,180,0.0159
2021-12-20,6809622,108352,119,0.0159
2021-12-21,6833050,108814,462,0.0159
2021-12-22,6878709,109324,510,0.0159
2021-12-23,6923636,109749,425,0.0159
2021-12-24,6959067,110119,370,0.0158
2021-12-25,6981281,110276,157,0.0158
2021-12-26,6991381,110364,88,0.0158
2021-12-27,7005289,110433,69,0.0158
2021-12-28,7026369,110805,372,0.0158
2021-12-29,7066412,111219,414,0.0157
2021-12-30,7109182,111602,383,0.0157
2021-12-31,7150422,111925,323,0.0157
2022-01-01,7176814,112109,184,0.0156
2022-01-02,7189329,112155,46,0.0156
2022-01-03,7207847,112223,68,0.0156
2022-01-04,7238408,112579,356,0.0156
2022-01-05,7297320,112925,346,0.0155
2022-01-06,7361660,113368,443,0.0154
2022-01-07,7417995,113632,264,0.0153
2022-01-08,7473884,113900,268,0.0152
2022-01-09,7510436,113977,77,0.0152
2022-01-10,7535691,114029,52,0.0151
2022-01-11,7581381,114351,322,0.0151
2022-01-12,7661811,114735,384,0.015
2022-01-13,7743228,115051,316,0.0149
2022-01-14,7835451,115337,286,0.0147
2022-01-15,7913473,115572,235,0.0146
2022-01-16,7965977,115619,47,0.0145
2022-01-17,8000122,115649,30,0.0145
2022-01-18,8074527,115842,193,0.0143
2022-01-19,8186850,116081,239,0.0142
2022-01-20,8320386,116315,234,0.014
2022-01-21,8460546,116485,170,0.0138
2022-01-22,8596007,116664,179,0.0136
2022-01-23,8681447,116718,54,0.0134
2022-01-24,8744840,116746,28,0.0134
2022-01-25,8871795,116960,214,0.0132
2022-01-26,9035795,117126,166,0.013
2022-01-27,9238931,117314,188,0.0127
2022-01-28,9429079,117484,170,0.0125
2022-01-29,9618245,117666,182,0.0122
2022-01-30,9737215,117725,59,0.0121
2022-01-31,9815533,117786,61,0.012
2022-02-01,9978146,117974,188,0.0118
2022-02-02,10186644,118170,196,0.0116
2022-02-03,10422764,118334,164,0.0114
2022-02-04,10671602,118504,170,0.0111
2022-02-05,10889417,118676,172,0.0109
2022-02-06,11022590,118717,41,0.0108
2022-02-07,11117857,118766,49,0.0107
2022-02-08,11287428,118943,177,0.0105
2022-02-09,11521678,119215,272,0.0103
2022-02-10,11769540,119453,238,0.0101
2022-02-11,12009712,119679,226,0.01
2022-02-12,12219501,119877,198,0.0098
2022-02-13,12344661,119935,58,0.0097
2022-02-14,12421126,119977,42,0.0097
2022-02-15,12580343,120220,243,0.0096
2022-02-16,12800315,120467,247,0.0094
2022-02-17,13035941,120728,261,0.0093
2022-02-18,13255989,120992,264,0.0091
2022-02-19,13445094,121202,210,0.009
2022-02-20,13563126,121275,73,0.0089
2022-02-21,13636993,121297,22,0.0089
2022-02-22,13762895,121603,306,0.0088
2022-02-23,13971947,121902,299,0.0087
2022-02-24,14188269,122145,243,0.0086
2022-02-25,14399012,122371,226,0.0085
2022-02-26,14574845,122621,250,0.0084
2022-02-27,14682758,122678,57,0.0084
2022-02-28,14745107,122702,24,0.0083
2022-03-01,14867218,122937,235,0.0083
2022-03-02,15053624,123238,301,0.0082
2022-03-03,15264297,123505,267,0.0081
2022-03-04,15481890,123796,291,0.008
2022-03-05,15674100,124051,255,0.0079
2022-03-06,15790989,124102,51,0.0079
2022-03-07,15869417,124126,24,0.0078
2022-03-08,16026216,124450,324,0.0078
2022-03-09,16242070,124764,314,0.0077
2022-03-10,16504822,125023,259,0.0076
2022-03-11,16757658,125272,249,0.0075
2022-03-12,16994744,125521,249,0.0074
2022-03-13,17141351,125571,50,0.0073
2022-03-14,17233729,125590,19,0.0073
2022-03-15,17432617,125873,283,0.0072
2022-03-16,17695210,126142,269,0.0071
2022-03-17,17990141,126420,278,0.007
2022-03-18,18287986,126646,226,0.0069
2022-03-19,18548225,126867,221,0.0068
2022-03-20,18680017,126916,49,0.0068
2022-03-21,18772331,126929,13,0.0068
2022-03-22,18994411,127193,264,0.0067
2022-03-23,19278143,127522,329,0.0066
2022-03-24,19596530,127822,300,0.0065
2022-03-25,19893028,128110,288,0.0064
2022-03-26,20145054,128388,278,0.0064
2022-03-27,20256278,128437,49,0.0063
2022-03-28,20323779,128457,20,0.0063
2022-03-29,20561131,128764,307,0.0063
2022-03-30,20829608,129112,348,0.0062
2022-03-31,21104509,129391,279,0.0061
2022-04-01,21357039,129695,304,0.0061
2022-04-02,21553495,129987,292,0.006
2022-04-03,21627548,130029,42,0.006
2022-04-04,21668677,130052,23,0.006
2022-04-05,21849074,130368,316,0.006
2022-04-06,22064059,130708,340,0.0059
2022-04-07,22265788,131036,328,0.0059
2022-04-08,22441051,131370,334,0.0059
2022-04-09,22591726,131679,309,0.0058
2022-04-10,22647197,131715,36,0.0058
2022-04-11,22677986,131728,13,0.0058
2022-04-12,22840776,132017,289,0.0058
2022-04-13,23017079,132378,361,0.0058
2022-04-14,23182447,132688,310,0.0057
2022-04-15,23339311,132900,212,0.0057
2022-04-16,23376879,132929,29,0.0057
2022-04-17,23416663,132942,13,0.0057
2022-04-18,23437145,132953,11,0.0057
2022-04-19,23459628,132960,7,0.0057
2022-04-20,23658211,133308,348,0.0056
2022-04-21,23844536,133632,324,0.0056
2022-04-22,24006254,133921,289,0.0056
2022-04-23,24141333,134155,234,0.0056
2022-04-24,24180512,134179,24,0.0055
2022-04-25,24200596,134185,6,0.0055
2022-04-26,24337394,134489,304,0.0055
2022-04-27,24479055,134832,343,0.0055
2022-04-28,24609159,135078,246,0.0055
2022-04-29,24710769,135292,214,0.0055
2022-04-30,24798067,135451,159,0.0055
2022-05-01,24809785,135461,10,0.0055
2022-05-02,24813817,135461,0,0.0055
2022-05-03,24927339,135701,240,0.0054
2022-05-04,25033970,135942,241,0.0054
2022-05-05,25130137,136125,183,0.0054
2022-05-06,25215210,136339,214,0.0054
2022-05-07,25287462,136523,184,0.0054
2022-05-08,25295950,136533,10,0.0054
2022-05-09,25299300,136538,5,0.0054
2022-05-10,25406868,136756,218,0.0054
2022-05-11,25503878,136987,231,0.0054
2022-05-12,25592839,137184,197,0.0054
2022-05-13,25661838,137348,164,0.0054
2022-05-14,25723697,137492,144,0.0053
2022-05-15,25729848,137499,7,0.0053
2022-05-16,25732153,137499,0,0.0053
2022-05-17,25818405,137714,215,0.0053
2022-05-18,25890456,137888,174,0.0053
2022-05-19,25949175,138053,165,0.0053
2022-05-20,25998085,138204,151,0.0053
2022-05-21,26040460,138324,120,0.0053
2022-05-22,26044283,138325,1,0.0053
2022-05-23,26045528,138326,1,0.0053
2022-05-24,26109965,138485,159,0.0053
2022-05-25,26159106,138643,158,0.0053
2022-05-26,26198811,138779,136,0.0053
2022-05-27,26200663,138781,2,0.0053
2022-05-28,26240639,138854,73,0.0053
2022-05-29,26243352,138862,8,0.0053
2022-05-30,26244107,138864,2,0.0053
2022-05-31,26305996,139000,136,0.0053
2022-06-01,26360953,139091,91,0.0053
2022-06-02,26409455,139222,131,0.0053
2022-06-03,26452148,139313,91,0.0053
2022-06-04,26493235,139386,73,0.0053
2022-06-05,26493235,139386,0,0.0053
2022-06-06,26496611,139386,0,0.0053
2022-06-07,26498361,139388,2,0.0053
2022-06-08,26583016,139533,145,0.0052
2022-06-09,26660652,139623,90,0.0052
2022-06-10,26738530,139729,106,0.0052
2022-06-11,26803867,139806,77,0.0052
2022-06-12,26803867,139806,0,0.0052
2022-06-13,26809245,139807,1,0.0052
2022-06-14,26915085,139914,107,0.0052
2022-06-15,27007429,140026,112,0.0052
2022-06-16,27096571,140099,73,0.0052
2022-06-17,27124689,140118,19,0.0052
2022-06-18,27204953,140176,58,0.0052
2022-06-19,27204955,140176,0,0.0052
2022-06-20,27211896,140176,0,0.0052
2022-06-21,27334993,140358,182,0.0051
2022-06-22,27454225,140462,104,0.0051
2022-06-23,27573585,140560,98,0.0051
2022-06-24,27681775,140650,90,0.0051
2022-06-25,27771111,140734,84,0.0051
2022-06-26,27771112,140734,0,0.0051
2022-06-27,27771911,140734,0,0.0051
2022-06-28,27914240,140847,113,0.005
2022-06-29,28048190,141022,175,0.005
2022-06-30,28180861,141105,83,0.005
2022-07-01,28293960,141189,84,0.005
2022-07-02,28392629,141292,103,0.005
2022-07-03,28392630,141292,0,0.005
2022-07-04,28394995,141295,3,0.005
2022-07-05,28542484,141397,102,0.005
2022-07-06,28673212,141519,122,0.0049
2022-07-07,28808614,141627,108,0.0049
2022-07-08,28926346,141758,131,0.0049
2022-07-09,29022265,141862,104,0.0049
2022-07-10,29022265,141862,0,0.0049
2022-07-11,29025760,141870,8,0.0049
2022-07-12,29180489,142035,165,0.0049
2022-07-13,29308100,142139,104,0.0048
2022-07-14,29460249,142284,145,0.0048
2022-07-15,29569943,142399,115,0.0048
2022-07-16,29692989,142533,134,0.0048
2022-07-17,29692989,142533,0,0.0048
2022-07-18,29692989,142533,0,0.0048
2022-07-19,29853680,142635,102,0.0048
2022-07-20,29994679,142771,136,0.0048
2022-07-21,30131303,142948,177,0.0047
2022-07-22,30239122,143061,113,0.0047
2022-07-23,30331131,143177,116,0.0047
2022-07-24,30331133,143177,0,0.0047
2022-07-25,30331133,143177,0,0.0047
2022-07-26,30476605,143364,187,0.0047
2022-07-27,30598385,143545,181,0.0047
2022-07-28,30702511,143702,157,0.0047
2022-07-29,30787309,143855,153,0.0047
2022-07-30,30853312,143972,117,0.0047
2022-07-31,30853314,143972,0,0.0047
2022-08-01,30854175,143979,7,0.0047
2022-08-02,30956873,144150,171,0.0047
2022-08-03,31044554,144360,210,0.0047
2022-08-04,31119199,144552,192,0.0046
2022-08-05,31178705,144717,165,0.0046
2022-08-06,31228314,144858,141,0.0046
2022-08-07,31228314,144858,0,0.0046
2022-08-08,31228322,144858,0,0.0046
2022-08-09,31307020,145028,170,0.0046
2022-08-10,31379757,145241,213,0.0046
2022-08-11,31439645,145394,153,0.0046
2022-08-12,31489484,145561,167,0.0046
2022-08-13,31535343,145698,137,0.0046
2022-08-14,31535343,145698,0,0.0046
2022-08-15,31535340,145698,0,0.0046
2022-08-16,31599085,145838,140,0.0046
2022-08-17,31666475,146030,192,0.0046
2022-08-18,31725160,146214,184,0.0046
2022-08-19,31771884,146383,169,0.0046
2022-08-20,31808179,146504,121,0.0046
2022-08-21,31808179,146504,0,0.0046
2022-08-22,31808228,146504,0,0.0046
2022-08-23,31868639,146650,146,0.0046
2022-08-24,31921578,146797,147,0.0046
2022-08-25,31970779,146913,116,0.0046
2022-08-26,32008122,147003,90,0.0046
2022-08-27,32041348,147104,101,0.0046
2022-08-28,32041349,147104,0,0.0046
2022-08-29,32041350,147104,0,0.0046
2022-08-30,32095854,147223,119,0.0046
2022-08-31,32145157,147404,181,0.0046
2022-09-01,32184553,147494,90,0.0046
2022-09-02,32218483,147642,148,0.0046
2022-09-03,32247828,147762,120,0.0046
2022-09-04,32247828,147762,0,0.0046
2022-09-05,32247828,147762,0,0.0046
2022-09-06,32297537,147861,99,0.0046
2022-09-07,32344032,147981,120,0.0046
2022-09-08,32386089,148098,117,0.0046
2022-09-09,32422084,148217,119,0.0046
2022-09-10,32452250,148299,82,0.0046
2022-09-11,32452250,148299,0,0.0046
2022-09-12,32452250,148299,0,0.0046
2022-09-13,32507180,148389,90,0.0046
2022-09-14,32558479,148498,109,0.0046
2022-09-15,32604993,148728,230,0.0046
2022-09-16,32643742,148845,117,0.0046
2022-09-17,32680355,148933,88,0.0046
2022-09-18,32680356,148933,0,0.0046
2022-09-19,32680356,148933,0,0.0046
2022-09-20,32740593,149079,146,0.0046
2022-09-21,32797308,149169,90,0.0045
2022-09-22,32854286,149275,106,0.0045
2022-09-23,32905086,149368,93,0.0045
2022-09-24,32952050,149458,90,0.0045
2022-09-25,32952050,149458,0,0.0045
2022-09-26,32952050,149458,0,0.0045
2022-09-27,33041332,149576,118,0.0045
2022-09-28,33137143,149714,138,0.0045
2022-09-29,33216006,149808,94,0.0045
2022-09-30,33312373,149948,140,0.0045
2022-10-01,33386229,150064,116,0.0045
2022-10-02,33386229,150064,0,0.0045
2022-10-03,33386229,150064,0,0.0045
2022-10-04,33386229,150064,0,0.0045
2022-10-05,33519761,150192,128,0.0045
2022-10-06,33652255,150289,97,0.0045
2022-10-07,33826367,150406,117,0.0044
2022-10-08,33948632,150535,129,0.0044
2022-10-09,33948632,150535,0,0.0044
2022-10-10,33948632,150535,0,0.0044
2022-10-11,34121168,150720,185,0.0044
2022-10-12,34257916,150919,199,0.0044
2022-10-13,34403129,151095,176,0.0044
2022-10-14,34517327,151260,165,0.0044
2022-10-15,34608835,151420,160,0.0044
2022-10-16,34608837,151420,0,0.0044
2022-10-17,34608837,151420,0,0.0044
2022-10-18,34758889,151629,209,0.0044
2022-10-19,34888963,151877,248,0.0044
2022-10-20,35005769,152100,223,0.0043
2022-10-21,35098062,152278,178,0.0043
2022-10-22,35172693,152482,204,0.0043
2022-10-23,35172694,152482,0,0.0043
2022-10-24,35172694,152482,0,0.0043
2022-10-25,35288228,152755,273,0.0043
2022-10-26,35383015,152997,242,0.0043
2022-10-27,35461920,153193,196,0.0043
2022-10-28,35523412,153377,184,0.0043
2022-10-29,35571130,153544,167,0.0043
2022-10-30,35571130,153544,0,0.0043
2022-10-31,35571131,153544,0,0.0043
2022-11-01,35619687,153694,150,0.0043
2022-11-02,35649648,153814,120,0.0043
2022-11-03,35728277,154095,281,0.0043
2022-11-04,35784912,154328,233,0.0043
2022-11-05,35823771,154535,207,0.0043
2022-11-06,35823771,154535,0,0.0043
2022-11-07,35823771,154535,0,0.0043
2022-11-08,35884834,154785,250,0.0043
2022-11-09,35932654,155012,227,0.0043
2022-11-10,35971322,155187,175,0.0043
2022-11-11,36005025,155403,216,0.0043
2022-11-12,36033394,155588,185,0.0043
2022-11-13,36033395,155588,0,0.0043
2022-11-14,36033395,155588,0,0.0043
2022-11-15,36080574,155807,219,0.0043
2022-11-16,36119184,156030,223,0.0043
2022-11-17,36152490,156192,162,0.0043
2022-11-18,36180077,156410,218,0.0043
2022-11-19,36205405,156613,203,0.0043
2022-11-20,36205405,156613,0,0.0043
2022-11-21,36205405,156613,0,0.0043
2022-11-22,36247081,156812,199,0.0043
2022-11-23,36280371,156951,139,0.0043
2022-11-24,36318461,157114,163,0.0043
2022-11-25,36348477,157388,274,0.0043
2022-11-26,36373164,157495,107,0.0043
2022-11-27,36373164,157495,0,0.0043
2022-11-28,36373165,157495,0,0.0043
2022-11-29,36419717,157657,162,0.0043
2022-11-30,36463485,157791,134,0.0043
2022-12-01,36499600,157943,152,0.0043
2022-12-02,36530020,158109,166,0.0043
2022-12-03,36557861,158198,89,0.0043
2022-12-04,36557861,158198,0,0.0043
2022-12-05,36557861,158198,0,0.0043
2022-12-06,36604648,158386,188,0.0043
2022-12-07,36649979,158559,173,0.0043
2022-12-08,36690235,158684,125,0.0043
2022-12-09,36726061,158851,167,0.0043
2022-12-10,36758926,158966,115,0.0043
2022-12-11,36758926,158966,0,0.0043
2022-12-12,36758926,158966,0,0.0043
2022-12-13,36812671,159177,211,0.0043
2022-12-14,36860998,159364,187,0.0043
2022-12-15,36905873,159594,230,0.0043
2022-12-16,36946574,159737,143,0.0043
2022-12-17,36980882,159884,147,0.0043
2022-12-18,36980882,159884,0,0.0043
2022-12-19,36980883,159884,0,0.0043
2022-12-20,37035898,160045,161,0.0043
2022-12-21,37088426,160246,201,0.0043
2022-12-22,37136414,160424,178,0.0043
2022-12-23,37177845,160611,187,0.0043
2022-12-24,37211937,160768,157,0.0043
2022-12-25,37211951,160768,0,0.0043
2022-12-26,37211966,160768,0,0.0043
2022-12-27,37211978,160768,0,0.0043
2022-12-28,37272430,160972,204,0.0043
2022-12-29,37313240,161133,161,0.0043
2022-12-30,37345969,161321,188,0.0043
2022-12-31,37369865,161465,144,0.0043
2023-01-01,37369866,161465,0,0.0043
2023-01-02,37369867,161465,0,0.0043
2023-01-03,37410650,161714,249,0.0043
2023-01-04,37446795,162021,307,0.0043
2023-01-05,37475448,162256,235,0.0043
2023-01-06,37496370,162518,262,0.0043
2023-01-07,37509539,162688,170,0.0043
2023-01-08,37509539,162688,0,0.0043
2023-01-09,37509539,162688,0,0.0043
2023-01-10,37540072,162975,287,0.0043
2023-01-11,37562191,163244,269,0.0043
2023-01-12,37581570,163425,181,0.0043
2023-01-13,37594526,163625,200,0.0044
2023-01-14,37605135,163775,150,0.0044
2023-01-15,37605135,163775,0,0.0044
2023-01-16,37605135,163775,0,0.0044
2023-01-17,37622357,163965,190,0.0044
2023-01-18,37637807,164153,188,0.0044
2023-01-19,37649808,164391,238,0.0044
2023-01-20,37659518,164585,194,0.0044
2023-01-21,37668384,164703,118,0.0044
2023-01-22,37668384,164703,0,0.0044
2023-01-23,37668384,164703,0,0.0044
2023-01-24,37684456,164844,141,0.0044
2023-01-25,37701193,165001,157,0.0044
2023-01-26,37715000,165139,138,0.0044
2023-01-27,37728155,165314,175,0.0044
2023-01-28,37739472,165441,127,0.0044
2023-01-29,37739472,165441,0,0.0044
2023-01-30,37739472,165441,0,0.0044
2023-01-31,37758773,165563,122,0.0044
2023-02-01,37779833,165711,148,0.0044
2023-02-02,37796790,165865,154,0.0044
2023-02-03,37810147,166016,151,0.0044
2023-02-04,37822577,166128,112,0.0044
2023-02-05,37822577,166128,0,0.0044
2023-02-06,37822577,166128,0,0.0044
2023-02-07,37842223,166292,164,0.0044
2023-02-08,37861703,166399,107,0.0044
2023-02-09,37879714,166526,127,0.0044
2023-02-10,37893892,166660,134,0.0044
2023-02-11,37907312,166763,103,0.0044
2023-02-12,37907312,166763,0,0.0044
2023-02-13,37907312,166763,0,0.0044
2023-02-14,37928944,166875,112,0.0044
2023-02-15,37949446,166999,124,0.0044
2023-02-16,37970357,167124,125,0.0044
2023-02-17,37986750,167214,90,0.0044
2023-02-18,38002611,167289,75,0.0044
2023-02-19,38002611,167289,0,0.0044
2023-02-20,38002611,167289,0,0.0044
2023-02-21,38018111,167387,98,0.0044
2023-02-22,38043874,167491,104,0.0044
2023-02-23,38068912,167604,113,0.0044
2023-02-24,38090089,167723,119,0.0044
2023-02-25,38111063,167812,89,0.0044
2023-02-26,38111063,167812,0,0.0044
2023-02-27,38111063,167812,0,0.0044
2023-02-28,38144033,167951,139,0.0044
2023-03-01,38168908,168086,135,0.0044
2023-03-02,38189954,168175,89,0.0044
2023-03-03,38202571,168296,121,0.0044
2023-03-04,38210850,168397,101,0.0044
2023-03-05,38210850,168397,0,0.0044
2023-03-06,38210851,168397,0,0.0044
2023-03-07,38221663,168583,186,0.0044
2023-03-08,38231610,168709,126,0.0044
2023-03-09,38241231,168808,99,0.0044
2023-03-10,38249060,168935,127,0.0044
2023-03-11,38256003,169057,122,0.0044
2023-03-12,38256003,169057,0,0.0044
2023-03-13,38256003,169057,0,0.0044
2023-03-14,38266753,169222,165,0.0044
2023-03-15,38276190,169345,123,0.0044
2023-03-16,38283817,169460,115,0.0044
2023-03-17,38291497,169579,119,0.0044
2023-03-18,38297037,169661,82,0.0044
2023-03-19,38297037,169661,0,0.0044
2023-03-20,38297037,169661,0,0.0044
2023-03-21,38306781,169802,141,0.0044
2023-03-22,38313863,169894,92,0.0044
2023-03-23,38320981,170074,180,0.0044
2023-03-24,38326616,170231,157,0.0044
2023-03-25,38330941,170331,100,0.0044
2023-03-26,38330941,170331,0,0.0044
2023-03-27,38330941,170331,0,0.0044
2023-03-28,38338298,170493,162,0.0044
2023-03-29,38343472,170627,134,0.0044
2023-03-30,38347963,170727,100,0.0045
2023-03-31,38351642,170839,112,0.0045
2023-04-01,38354626,170964,125,0.0045
2023-04-02,38354626,170964,0,0.0045
2023-04-03,38354626,170964,0,0.0045
2023-04-04,38359611,171059,95,0.0045
2023-04-05,38363343,171169,110,0.0045
2023-04-06,38366479,171279,110,0.0045
2023-04-07,38368891,171411,132,0.0045
2023-04-08,38368891,171411,0,0.0045
2023-04-09,38368891,171411,0,0.0045
2023-04-10,38368891,171411,0,0.0045
2023-04-11,38368891,171411,0,0.0045
2023-04-12,38374310,171597,186,0.0045
2023-04-13,38377656,171748,151,0.0045
2023-04-14,38380356,171896,148,0.0045
2023-04-15,38382386,171992,96,0.0045
2023-04-16,38382386,171992,0,0.0045
2023-04-17,38382386,171992,0,0.0045
2023-04-18,38385526,172086,94,0.0045
2023-04-19,38388247,172215,129,0.0045
2023-04-20,38390484,172319,104,0.0045
2023-04-21,38392366,172428,109,0.0045
2023-04-22,38393992,172536,108,0.0045
2023-04-23,38393992,172536,0,0.0045
2023-04-24,38393992,172536,0,0.0045
2023-04-25,38396459,172635,99,0.0045
2023-04-26,38398881,172761,126,0.0045
2023-04-27,38400766,172882,121,0.0045
2023-04-28,38402434,172949,67,0.0045
2023-04-29,38403667,173044,95,0.0045
2023-04-30,38403667,173044,0,0.0045
2023-05-01,38403667,173044,0,0.0045
2023-05-02,38403667,173044,0,0.0045
2023-05-03,38406129,173110,66,0.0045
2023-05-04,38408082,173228,118,0.0045
2023-05-05,38409620,173307,79,0.0045
2023-05-06,38411062,173375,68,0.0045
2023-05-07,38411062,173375,0,0.0045
2023-05-08,38411062,173375,0,0.0045
2023-05-09,38413078,173473,98,0.0045
2023-05-10,38414388,173544,71,0.0045
2023-05-11,38415659,173628,84,0.0045
2023-05-12,38416698,173737,109,0.0045
2023-05-13,38417622,173797,60,0.0045
2023-05-14,38417622,173797,0,0.0045
2023-05-15,38417622,173797,0,0.0045
2023-05-16,38418899,173834,37,0.0045
2023-05-17,38420149,173887,53,0.0045
2023-05-18,38421224,173941,54,0.0045
2023-05-19,38421224,173941,0,0.0045
2023-05-20,38422054,173995,54,0.0045
2023-05-21,38422054,173995,0,0.0045
2023-05-22,38422054,173995,0,0.0045
2023-05-23,38423300,174032,37,0.0045
2023-05-24,38424437,174110,78,0.0045
2023-05-25,38425176,174170,60,0.0045
2023-05-26,38425811,174209,39,0.0045
2023-05-27,38426308,174247,38,0.0045
2023-05-28,38426308,174247,0,0.0045
2023-05-29,38426308,174247,0,0.0045
2023-05-30,38426308,174247,0,0.0045
2023-05-31,38427244,174292,45,0.0045
2023-06-01,38428043,174323,31,0.0045
2023-06-02,38428685,174352,29,0.0045
2023-06-03,38429236,174391,39,0.0045
2023-06-04,38429236,174391,0,0.0045
2023-06-05,38429236,174391,0,0.0045
2023-06-06,38429968,174413,22,0.0045
2023-06-07,38430527,174444,31,0.0045
2023-06-08,38430986,174468,24,0.0045
2023-06-09,38431208,174486,18,0.0045
2023-06-10,38431696,174512,26,0.0045
2023-06-11,38431696,174512,0,0.0045
2023-06-12,38431696,174512,0,0.0045
2023-06-13,38432275,174547,35,0.0045
2023-06-14,38432787,174588,41,0.0045
2023-06-15,38433200,174619,31,0.0045
2023-06-16,38433578,174650,31,0.0045
2023-06-17,38433837,174671,21,0.0045
2023-06-18,38433837,174671,0,0.0045
2023-06-19,38433837,174671,0,0.0045
2023-06-20,38434309,174691,20,0.0045
2023-06-21,38434737,174717,26,0.0045
2023-06-22,38435068,174741,24,0.0045
2023-06-23,38435409,174763,22,0.0045
2023-06-24,38435774,174797,34,0.0045
2023-06-25,38435774,174797,0,0.0045
2023-06-26,38435774,174797,0,0.0045
2023-06-27,38436178,174823,26,0.0045
2023-06-28,38436515,174852,29,0.0045
2023-06-29,38436829,174888,36,0.0046
2023-06-30,38437077,174906,18,0.0046
2023-07-01,38437298,174939,33,0.0046
2023-07-02,38437298,174939,0,0.0046
2023-07-03,38437298,174939,0,0.0046
2023-07-04,38437727,174952,13,0.0046
2023-07-05,38438127,174969,17,0.0046
2023-07-06,38438370,174987,18,0.0046
2023-07-07,38438569,175007,20,0.0046
2023-07-08,38438934,175027,20,0.0046
2023-07-09,38438934,175027,0,0.0046
2023-07-10,38438934,175027,0,0.0046
2023-07-11,38439287,175033,6,0.0046
2023-07-12,38439763,175045,12,0.0046
2023-07-13,38440035,175069,24,0.0046
2023-07-14,38440308,175084,15,0.0046
2023-07-15,38440528,175107,23,0.0046
2023-07-16,38440528,175107,0,0.0046
2023-07-17,38440528,175107,0,0.0046
2023-07-18,38440871,175115,8,0.0046
2023-07-19,38441243,175151,36,0.0046
2023-07-20,38441537,175166,15,0.0046
2023-07-21,38441798,175173,7,0.0046
2023-07-22,38441999,175183,10,0.0046
2023-07-23,38441999,175183,0,0.0046
2023-07-24,38441999,175183,0,0.0046
2023-07-25,38442352,175204,21,0.0046
2023-07-26,38442657,175213,9,0.0046
2023-07-27,38443058,175231,18,0.0046
2023-07-28,38443500,175239,8,0.0046
2023-07-29,38443816,175249,10,0.0046
2023-07-30,38443816,175249,0,0.0046
2023-07-31,38443816,175249,0,0.0046
2023-08-01,38444315,175254,5,0.0046
2023-08-02,38444766,175278,24,0.0046
2023-08-03,38445136,175288,10,0.0046
2023-08-04,38445481,175291,3,0.0046
2023-08-05,38445829,175313,22,0.0046
2023-08-06,38445829,175313,0,0.0046
2023-08-07,38445829,175313,0,0.0046
2023-08-08,38446342,175321,8,0.0046
2023-08-09,38446895,175330,9,0.0046
2023-08-10,38447398,175335,5,0.0046
2023-08-11,38447869,175342,7,0.0046
2023-08-12,38448327,175348,6,0.0046
2023-08-13,38448327,175348,0,0.0046
2023-08-14,38448327,175348,0,0.0046
2023-08-15,38449128,175361,13,0.0046
2023-08-16,38449843,175366,5,0.0046
2023-08-17,38450722,175377,11,0.0046
2023-08-18,38451500,175381,4,0.0046
2023-08-19,38452241,175390,9,0.0046
2023-08-20,38452241,175390,0,0.0046
2023-08-21,38452241,175390,0,0.0046
2023-08-22,38453379,175403,13,0.0046
2023-08-23,38454482,175418,15,0.0046
2023-08-24,38455412,175430,12,0.0046
2023-08-25,38455412,175430,0,0.0046
2023-08-26,38455412,175430,0,0.0046
2023-08-27,38455412,175430,0,0.0046
2023-08-28,38455412,175430,0,0.0046
2023-08-29,38458543,175480,50,0.0046
2023-08-30,38459652,175497,17,0.0046
2023-08-31,38460722,175510,13,0.0046
2023-09-01,38461737,175538,28,0.0046
2023-09-02,38462711,175555,17,0.0046
2023-09-03,38462711,175555,0,0.0046
2023-09-04,38462711,175555,0,0.0046
2023-09-05,38463985,175569,14,0.0046
2023-09-06,38465430,175583,14,0.0046
2023-09-07,38466851,175608,25,0.0046
2023-09-08,38468165,175627,19,0.0046
2023-09-09,38469495,175643,16,0.0046
2023-09-10,38469495,175643,0,0.0046
2023-09-11,38469495,175643,0,0.0046
2023-09-12,38471341,175670,27,0.0046
2023-09-13,38473088,175745,75,0.0046
2023-09-14,38475022,175777,32,0.0046
2023-09-15,38476409,175830,53,0.0046
2023-09-16,38477773,175865,35,0.0046
2023-09-17,38477773,175865,0,0.0046
2023-09-18,38477773,175865,0,0.0046
2023-09-19,38479487,175892,27,0.0046
2023-09-20,38481456,175917,25,0.0046
2023-09-21,38483159,175940,23,0.0046
2023-09-22,38484922,175957,17,0.0046
2023-09-23,38486260,175989,32,0.0046
2023-09-24,38486260,175989,0,0.0046
2023-09-25,38486260,175989,0,0.0046
2023-09-26,38488116,176001,12,0.0046
2023-09-27,38490086,176031,30,0.0046
2023-09-28,38491696,176058,27,0.0046
2023-09-29,38493206,176071,13,0.0046
2023-09-30,38494789,176101,30,0.0046
2023-10-01,38494789,176101,0,0.0046
2023-10-02,38494789,176101,0,0.0046
2023-10-03,38496870,176122,21,0.0046
2023-10-04,38496870,176122,0,0.0046
2023-10-05,38499628,176145,23,0.0046
2023-10-06,38502170,176175,30,0.0046
2023-10-07,38504530,176200,25,0.0046
2023-10-08,38504530,176200,0,0.0046
2023-10-09,38504530,176200,0,0.0046
2023-10-10,38507549,176228,28,0.0046
2023-10-11,38510163,176260,32,0.0046
2023-10-12,38512636,176289,29,0.0046
2023-10-13,38514765,176314,25,0.0046
2023-10-14,38517291,176351,37,0.0046
2023-10-15,38517291,176351,0,0.0046
2023-10-16,38517291,176351,0,0.0046
2023-10-17,38520517,176373,22,0.0046
2023-10-18,38523251,176415,42,0.0046
2023-10-19,38526032,176459,44,0.0046
2023-10-20,38528337,176485,26,0.0046
2023-10-21,38530760,176528,43,0.0046
2023-10-22,38530760,176528,0,0.0046
2023-10-23,38530760,176528,0,0.0046
2023-10-24,38534759,176569,41,0.0046
2023-10-25,38538595,176614,45,0.0046
2023-10-26,38542026,176667,53,0.0046
2023-10-27,38545062,176697,30,0.0046
2023-10-28,38548226,176737,40,0.0046
2023-10-29,38548226,176737,0,0.0046
2023-10-30,38548226,176737,0,0.0046
2023-10-31,38553102,176793,56,0.0046
2023-11-01,38555591,176837,44,0.0046
2023-11-02,38558167,176860,23,0.0046
2023-11-03,38562821,176928,68,0.0046
2023-11-04,38567042,176988,60,0.0046
2023-11-05,38567042,176988,0,0.0046
2023-11-06,38567042,176988,0,0.0046
2023-11-07,38572355,177061,73,0.0046
2023-11-08,38576499,177135,74,0.0046
2023-11-09,38581052,177205,70,0.0046
2023-11-10,38585984,177293,88,0.0046
2023-11-11,38589718,177360,67,0.0046
2023-11-12,38589718,177360,0,0.0046
2023-11-13,38589718,177360,0,0.0046
2023-11-14,38594840,177424,64,0.0046
2023-11-15,38599422,177510,86,0.0046
2023-11-16,38603958,177576,66,0.0046
2023-11-17,38608185,177637,61,0.0046
2023-11-18,38612462,177735,98,0.0046
2023-11-19,38612462,177735,0,0.0046
2023-11-20,38612462,177735,0,0.0046
2023-11-21,38618314,177803,68,0.0046
2023-11-22,38623319,177878,75,0.0046
2023-11-23,38627412,177942,64,0.0046
2023-11-24,38631794,178010,68,0.0046
2023-11-25,38635878,178084,74,0.0046
2023-11-26,38635878,178084,0,0.0046
2023-11-27,38635878,178084,0,0.0046
2023-11-28,38641986,178162,78,0.0046
2023-11-29,38646996,178236,74,0.0046
2023-11-30,38652262,178299,63,0.0046
2023-12-01,38656887,178377,78,0.0046
2023-12-02,38661095,178437,60,0.0046
2023-12-03,38661095,178437,0,0.0046
2023-12-04,38661095,178437,0,0.0046
2023-12-05,38666286,178495,58,0.0046
2023-12-06,38671711,178617,122,0.0046
2023-12-07,38678277,178704,87,0.0046
2023-12-08,38683782,178769,65,0.0046
2023-12-09,38688634,178859,90,0.0046
2023-12-10,38688634,178859,0,0.0046
2023-12-11,38688634,178859,0,0.0046
2023-12-12,38696556,178943,84,0.0046
2023-12-13,38703401,179059,116,0.0046
2023-12-14,38710586,179153,94,0.0046
2023-12-15,38716483,179224,71,0.0046
2023-12-16,38721994,179294,70,0.0046
2023-12-17,38721994,179294,0,0.0046
2023-12-18,38721994,179294,0,0.0046
2023-12-19,38730001,179397,103,0.0046
2023-12-20,38736375,179513,116,0.0046
2023-12-21,38742152,179610,97,0.0046
2023-12-22,38746957,179716,106,0.0046
2023-12-23,38751299,179854,138,0.0046
2023-12-24,38751299,179854,0,0.0046
2023-12-25,38751300,179854,0,0.0046
2023-12-26,38751300,179854,0,0.0046
2023-12-27,38751300,179854,0,0.0046
2023-12-28,38758005,179937,83,0.0046
2023-12-29,38762418,180030,93,0.0046
2023-12-30,38765656,180109,79,0.0046
2023-12-31,38765657,180109,0,0.0046
2024-01-01,38765659,180109,0,0.0046
2024-01-02,38765659,180109,0,0.0046
2024-01-03,38771210,180215,106,0.0046
2024-01-04,38775696,180339,124,0.0047
2024-01-05,38778685,180462,123,0.0047
2024-01-06,38780921,180578,116,0.0047
2024-01-07,38780921,180578,0,0.0047
2024-01-08,38780921,180578,0,0.0047
2024-01-09,38784494,180657,79,0.0047
2024-01-10,38786596,180789,132,0.0047
2024-01-11,38788696,180875,86,0.0047
2024-01-12,38790256,180956,81,0.0047
2024-01-13,38791727,181044,88,0.0047
2024-01-14,38791727,181044,0,0.0047
2024-01-15,38791727,181044,0,0.0047
2024-01-16,38793736,181125,81,0.0047
2024-01-17,38795352,181205,80,0.0047
2024-01-18,38796602,181284,79,0.0047
2024-01-19,38797637,181335,51,0.0047
2024-01-20,38798714,181425,90,0.0047
2024-01-21,38798714,181425,0,0.0047
2024-01-22,38798714,181425,0,0.0047
2024-01-23,38800361,181477,52,0.0047
2024-01-24,38801796,181537,60,0.0047
2024-01-25,38802657,181588,51,0.0047
2024-01-26,38803872,181646,58,0.0047
2024-01-27,38805188,181700,54,0.0047
2024-01-28,38805188,181700,0,0.0047
2024-01-29,38805188,181700,0,0.0047
2024-01-30,38806578,181750,50,0.0047
2024-01-31,38807773,181802,52,0.0047
2024-02-01,38808771,181845,43,0.0047
2024-02-02,38809615,181918,73,0.0047
2024-02-03,38810419,181956,38,0.0047
2024-02-04,38810419,181956,0,0.0047
2024-02-05,38810419,181956,0,0.0047
2024-02-06,38811632,182026,70,0.0047
2024-02-07,38811957,182037,11,0.0047
2024-02-08,38813442,182135,98,0.0047
2024-02-09,38814063,182168,33,0.0047
2024-02-10,38814825,182214,46,0.0047
2024-02-11,38814825,182214,0,0.0047
2024-02-12,38814825,182214,0,0.0047
2024-02-13,38815522,182243,29,0.0047
2024-02-14,38816248,182282,39,0.0047
2024-02-15,38816875,182309,27,0.0047
2024-02-16,38817481,182358,49,0.0047
2024-02-17,38817958,182375,17,0.0047
2024-02-18,38817958,182375,0,0.0047
2024-02-19,38817958,182375,0,0.0047
2024-02-20,38818710,182411,36,0.0047
2024-02-21,38819284,182439,28,0.0047
2024-02-22,38819650,182470,31,0.0047
2024-02-23,38820058,182508,38,0.0047
2024-02-24,38820489,182541,33,0.0047
2024-02-25,38820489,182541,0,0.0047
2024-02-26,38820489,182541,0,0.0047
2024-02-27,38820985,182547,6,0.0047
2024-02-28,38821418,182587,40,0.0047
2024-02-29,38821636,182601,14,0.0047
2024-03-01,38822185,182630,29,0.0047
2024-03-02,38822474,182649,19,0.0047
2024-03-03,38822474,182649,0,0.0047
2024-03-04,38822475,182649,0,0.0047
2024-03-05,38822926,182669,20,0.0047
2024-03-06,38823286,182694,25,0.0047
2024-03-07,38823578,182719,25,0.0047
2024-03-08,38823847,182736,17,0.0047
2024-03-09,38823847,182736,0,0.0047
2024-03-10,38823847,182736,0,0.0047
2024-03-11,38823847,182736,0,0.0047
2024-03-12,38824393,182749,13,0.0047
2024-03-13,38824637,182777,28,0.0047
2024-03-14,38824874,182797,20,0.0047
2024-03-15,38825078,182809,12,0.0047
2024-03-16,38825281,182828,19,0.0047
2024-03-17,38825281,182828,0,0.0047
2024-03-18,38825281,182828,0,0.0047
2024-03-19,38825566,182838,10,0.0047
2024-03-20,38825818,182855,17,0.0047
2024-03-21,38826003,182867,12,0.0047
2024-03-22,38826187,182884,17,0.0047
2024-03-23,38826304,182891,7,0.0047
2024-03-24,38826304,182891,0,0.0047
2024-03-25,38826304,182891,0,0.0047
2024-03-26,38826544,182881,-10,0.0047
2024-03-27,38826746,182896,15,0.0047
2024-03-28,38826911,182905,9,0.0047
2024-03-29,38827040,182917,12,0.0047
2024-03-30,38827040,182917,0,0.0047
2024-03-31,38827040,182917,0,0.0047
2024-04-01,38827040,182917,0,0.0047
